event	time	node	configname	*.prio	acceleration	controllerAcceleration	distance	nodeId	posx	posy	relativeSpeed	speed
120	1.11	Highway.node[7].appl	BrakingNoGui		0.0	0.0	5.0	7	9.6901	242.45	0.0	13.89
666	1.21	Highway.node[7].appl	BrakingNoGui		-8.54247e-05	-0.000934731	5.0	7	11.0791	242.45	2.56615e-06	13.89
1212	1.31	Highway.node[7].appl	BrakingNoGui		-0.000320597	-0.00180063	5.0	7	12.4681	242.45	8.48667e-06	13.89
1758	1.41	Highway.node[7].appl	BrakingNoGui		-0.000567443	-0.00159757	5.0	7	13.8571	242.45	1.08915e-05	13.8899
2304	1.51	Highway.node[7].appl	BrakingNoGui		-0.000776497	-0.00185409	5.0	7	15.2461	242.45	1.04e-05	13.8899
2850	1.61	Highway.node[7].appl	BrakingNoGui		-0.000914698	-0.00127979	5.0	7	16.6351	242.45	8.5281e-06	13.8898
3396	1.71	Highway.node[7].appl	BrakingNoGui		-0.000964402	-0.00112787	5.0	7	18.024	242.45	8.11212e-06	13.8897
3942	1.81	Highway.node[7].appl	BrakingNoGui		-0.000990209	-0.00110686	5.00001	7	19.413	242.45	7.93134e-06	13.8896
4488	1.91	Highway.node[7].appl	BrakingNoGui		-0.000935834	-0.000331305	5.00001	7	20.802	242.45	7.73815e-06	13.8895
5042	2.01	Highway.node[7].appl	BrakingNoGui		-0.000810403	-0.000172022	5.00001	7	22.1909	242.45	8.95716e-06	13.8894
5588	2.11	Highway.node[7].appl	BrakingNoGui		-0.00069278	-0.000152141	5.00001	7	23.5798	242.45	9.4731e-06	13.8893
6134	2.21	Highway.node[7].appl	BrakingNoGui		-0.000554592	0.000274543	5.00001	7	24.9688	242.45	6.84948e-06	13.8893
6680	2.31	Highway.node[7].appl	BrakingNoGui		-0.000427918	4.27462e-05	5.00001	7	26.3577	242.45	5.11964e-06	13.8892
7226	2.41	Highway.node[7].appl	BrakingNoGui		-0.000382474	-0.00035653	5.00001	7	27.7466	242.45	3.66403e-06	13.8892
7772	2.51	Highway.node[7].appl	BrakingNoGui		-0.000347896	-2.61837e-05	5.00001	7	29.1355	242.45	1.37896e-06	13.8891
8318	2.61	Highway.node[7].appl	BrakingNoGui		-0.000337609	-0.00051177	5.00001	7	30.5244	242.45	-1.17112e-06	13.8891
8864	2.71	Highway.node[7].appl	BrakingNoGui		-0.000344319	-0.00023697	5.00001	7	31.9133	242.45	-3.57545e-06	13.8891
9410	2.81	Highway.node[7].appl	BrakingNoGui		-0.00030044	3.25382e-05	5.00001	7	33.3023	242.45	-3.80658e-06	13.889
9956	2.91	Highway.node[7].appl	BrakingNoGui		-0.000277116	-0.000341925	5.00001	7	34.6912	242.45	-1.72148e-06	13.889
10510	3.01	Highway.node[7].appl	BrakingNoGui		-0.000272319	-0.00015981	5.00001	7	36.0801	242.45	-4.6763e-07	13.889
11056	3.11	Highway.node[7].appl	BrakingNoGui		-0.000218954	0.000194188	5.00001	7	37.469	242.45	9.46725e-07	13.889
11602	3.21	Highway.node[7].appl	BrakingNoGui		-0.000205523	-0.00044101	5.00001	7	38.8578	242.45	3.01526e-06	13.8889
12148	3.31	Highway.node[7].appl	BrakingNoGui		-0.000244282	-0.000396019	5.00001	7	40.2467	242.45	4.17043e-06	13.8889
12694	3.41	Highway.node[7].appl	BrakingNoGui		-0.000241576	-7.8891e-05	5.00001	7	41.6356	242.45	4.53394e-06	13.8889
13240	3.51	Highway.node[7].appl	BrakingNoGui		-0.000183707	0.000218816	5.00001	7	43.0245	242.45	4.4634e-06	13.8889
13786	3.61	Highway.node[7].appl	BrakingNoGui		-9.01758e-05	0.000437288	5.00001	7	44.4134	242.45	3.99615e-06	13.8889
14332	3.71	Highway.node[7].appl	BrakingNoGui		1.46414e-05	0.000540865	5.00001	7	45.8023	242.45	3.23786e-06	13.8889
14878	3.81	Highway.node[7].appl	BrakingNoGui		0.000107168	0.000522233	5.00001	7	47.1912	242.45	2.32616e-06	13.8889
15424	3.91	Highway.node[7].appl	BrakingNoGui		0.00016938	0.000400124	5.00001	7	48.5801	242.45	1.40295e-06	13.8889
15978	4.01	Highway.node[7].appl	BrakingNoGui		0.00019179	0.000212125	5.00001	7	49.9689	242.45	5.89427e-07	13.8889
16524	4.11	Highway.node[7].appl	BrakingNoGui		0.000174309	4.60194e-06	5.00001	7	51.3578	242.45	-3.26579e-08	13.8889
17070	4.21	Highway.node[7].appl	BrakingNoGui		0.000125071	-0.00017789	5.00001	7	52.7467	242.45	-4.301e-07	13.8889
17616	4.31	Highway.node[7].appl	BrakingNoGui		5.77255e-05	-0.000301483	5.00001	7	54.1356	242.45	-6.16725e-07	13.8889
18162	4.41	Highway.node[7].appl	BrakingNoGui		-1.2046e-05	-0.000348572	5.00001	7	55.5245	242.45	-6.42599e-07	13.8889
18708	4.51	Highway.node[7].appl	BrakingNoGui		-6.99988e-05	-0.000319354	5.00001	7	56.9134	242.45	-5.77157e-07	13.8889
19254	4.61	Highway.node[7].appl	BrakingNoGui		-0.000106055	-0.000229548	5.00001	7	58.3023	242.45	-4.90433e-07	13.8889
19800	4.71	Highway.node[7].appl	BrakingNoGui		-0.000115838	-0.000105224	5.00001	7	59.6912	242.45	-4.36679e-07	13.8889
20346	4.81	Highway.node[7].appl	BrakingNoGui		-0.000100854	2.3814e-05	5.00001	7	61.0801	242.45	-4.4369e-07	13.8889
20892	4.91	Highway.node[7].appl	BrakingNoGui		-6.74434e-05	0.000130583	5.00001	7	62.469	242.45	-5.0972e-07	13.8889
21447	5.01	Highway.node[7].appl	BrakingNoGui		-2.48808e-05	0.000196063	5.00001	7	63.8579	242.45	-6.07935e-07	13.8889
21993	5.11	Highway.node[7].appl	BrakingNoGui		-0.631357	-6.75591	5.00001	7	65.2464	242.45	-6.96747e-07	13.8698
22539	5.21	Highway.node[7].appl	BrakingNoGui		-1.97003	-9.36638	4.99947	7	66.6279	242.45	-0.0125115	13.7372
23085	5.31	Highway.node[7].appl	BrakingNoGui		-3.36476	-10.1132	4.99758	7	67.989	242.45	-0.0245961	13.4631
23631	5.41	Highway.node[7].appl	BrakingNoGui		-4.59976	-10.4053	4.99471	7	69.3161	242.45	-0.0317492	13.0577
24177	5.51	Highway.node[7].appl	BrakingNoGui		-5.6234	-10.2674	4.99141	7	70.5968	242.45	-0.0334451	12.5399
24723	5.61	Highway.node[7].appl	BrakingNoGui		-6.40447	-9.78761	4.9882	7	71.8211	242.45	-0.0301651	11.9328
25269	5.71	Highway.node[7].appl	BrakingNoGui		-6.93782	-9.09706	4.98551	7	72.9812	242.45	-0.0231634	11.2611
25815	5.81	Highway.node[7].appl	BrakingNoGui		-7.24434	-8.33933	4.98364	7	74.0719	242.45	-0.014128	10.5488
26361	5.91	Highway.node[7].appl	BrakingNoGui		-7.36614	-7.64731	4.9827	7	75.0903	242.45	-0.00481348	9.81643
26915	6.01	Highway.node[7].appl	BrakingNoGui		-7.3588	-7.12427	4.98264	7	76.0351	242.45	0.0032656	9.0794
27461	6.11	Highway.node[7].appl	BrakingNoGui		-7.28199	-6.82798	4.98327	7	76.9064	242.45	0.00905176	8.34743
28007	6.21	Highway.node[7].appl	BrakingNoGui		-7.19048	-6.77118	4.98435	7	77.7049	242.45	0.0120439	7.62438
28553	6.31	Highway.node[7].appl	BrakingNoGui		-7.12733	-6.9257	4.98559	7	78.4315	242.45	0.0122849	6.90924
29099	6.41	Highway.node[7].appl	BrakingNoGui		-7.11964	-7.23312	4.98673	7	79.0868	242.45	0.0102609	6.19754
29645	6.51	Highway.node[7].appl	BrakingNoGui		-7.17746	-7.61943	4.98759	7	79.6709	242.45	0.00674327	5.48304
30191	6.61	Highway.node[7].appl	BrakingNoGui		-7.29546	-8.00906	4.98806	7	80.1831	242.45	0.00261022	4.75935
30737	6.71	Highway.node[7].appl	BrakingNoGui		-7.45676	-8.33772	4.98811	7	80.6223	242.45	-0.00131832	4.02129
31283	6.81	Highway.node[7].appl	BrakingNoGui		-7.63793	-8.56119	4.98782	7	80.9868	242.45	-0.0044062	3.26579
31829	6.91	Highway.node[7].appl	BrakingNoGui		-7.81422	-8.65913	4.98727	7	81.2748	242.45	-0.00627465	2.49223
32383	7.01	Highway.node[7].appl	BrakingNoGui		-7.96407	-8.63484	4.98661	7	81.4847	242.45	-0.00681854	1.7023
32929	7.11	Highway.node[7].appl	BrakingNoGui		-8.07243	-8.51117	4.98595	7	81.6149	242.45	-0.00617471	0.899563
33475	7.21	Highway.node[7].appl	BrakingNoGui		-8.13238	-8.32356	4.98541	7	81.6643	242.45	-0.0046558	0.0886062
34021	7.31	Highway.node[7].appl	BrakingNoGui		0.0	0.0	4.98534	7	81.6649	242.45	0.0	0.0
34567	7.41	Highway.node[7].appl	BrakingNoGui		0.0	0.0	4.98534	7	81.6649	242.45	0.0	0.0
35113	7.51	Highway.node[7].appl	BrakingNoGui		0.0	0.0	4.98534	7	81.6649	242.45	0.0	0.0
35659	7.61	Highway.node[7].appl	BrakingNoGui		0.0	0.0	4.98534	7	81.6649	242.45	0.0	0.0
36205	7.71	Highway.node[7].appl	BrakingNoGui		0.0	0.0	4.98534	7	81.6649	242.45	0.0	0.0
36751	7.81	Highway.node[7].appl	BrakingNoGui		0.0	0.0	4.98534	7	81.6649	242.45	0.0	0.0
37297	7.91	Highway.node[7].appl	BrakingNoGui		0.0	0.0	4.98534	7	81.6649	242.45	0.0	0.0
37851	8.01	Highway.node[7].appl	BrakingNoGui		0.0	0.0	4.98534	7	81.6649	242.45	0.0	0.0
38397	8.11	Highway.node[7].appl	BrakingNoGui		0.0	0.0	4.98534	7	81.6649	242.45	0.0	0.0
38943	8.21	Highway.node[7].appl	BrakingNoGui		0.0	0.0	4.98534	7	81.6649	242.45	0.0	0.0
39489	8.31	Highway.node[7].appl	BrakingNoGui		0.0	0.0	4.98534	7	81.6649	242.45	0.0	0.0
40035	8.41	Highway.node[7].appl	BrakingNoGui		0.0	0.0	4.98534	7	81.6649	242.45	0.0	0.0
40581	8.51	Highway.node[7].appl	BrakingNoGui		0.0	0.0	4.98534	7	81.6649	242.45	0.0	0.0
41127	8.61	Highway.node[7].appl	BrakingNoGui		0.0	0.0	4.98534	7	81.6649	242.45	0.0	0.0
41673	8.71	Highway.node[7].appl	BrakingNoGui		0.0	0.0	4.98534	7	81.6649	242.45	0.0	0.0
42219	8.81	Highway.node[7].appl	BrakingNoGui		0.0	0.0	4.98534	7	81.6649	242.45	0.0	0.0
42765	8.91	Highway.node[7].appl	BrakingNoGui		0.0	0.0	4.98534	7	81.6649	242.45	0.0	0.0
43319	9.01	Highway.node[7].appl	BrakingNoGui		0.0	0.0	4.98534	7	81.6649	242.45	0.0	0.0
43865	9.11	Highway.node[7].appl	BrakingNoGui		0.0	0.0	4.98534	7	81.6649	242.45	0.0	0.0
44411	9.21	Highway.node[7].appl	BrakingNoGui		0.0	0.0	4.98534	7	81.6649	242.45	0.0	0.0
44957	9.31	Highway.node[7].appl	BrakingNoGui		0.0	0.0	4.98534	7	81.6649	242.45	0.0	0.0
45503	9.41	Highway.node[7].appl	BrakingNoGui		0.0	0.0	4.98534	7	81.6649	242.45	0.0	0.0
46049	9.51	Highway.node[7].appl	BrakingNoGui		0.0	0.0	4.98534	7	81.6649	242.45	0.0	0.0
46595	9.61	Highway.node[7].appl	BrakingNoGui		0.0	0.0	4.98534	7	81.6649	242.45	0.0	0.0
47141	9.71	Highway.node[7].appl	BrakingNoGui		0.0	0.0	4.98534	7	81.6649	242.45	0.0	0.0
47687	9.81	Highway.node[7].appl	BrakingNoGui		0.0	0.0	4.98534	7	81.6649	242.45	0.0	0.0
48233	9.91	Highway.node[7].appl	BrakingNoGui		0.0	0.0	4.98534	7	81.6649	242.45	0.0	0.0
48787	10.01	Highway.node[7].appl	BrakingNoGui		0.0	0.0	4.98534	7	81.6649	242.45	0.0	0.0
49333	10.11	Highway.node[7].appl	BrakingNoGui		0.0	0.0	4.98534	7	81.6649	242.45	0.0	0.0
49879	10.21	Highway.node[7].appl	BrakingNoGui		0.0	0.0	4.98534	7	81.6649	242.45	0.0	0.0
50425	10.31	Highway.node[7].appl	BrakingNoGui		0.0	0.0	4.98534	7	81.6649	242.45	0.0	0.0
50971	10.41	Highway.node[7].appl	BrakingNoGui		0.0	0.0	4.98534	7	81.6649	242.45	0.0	0.0
51517	10.51	Highway.node[7].appl	BrakingNoGui		0.0	0.0	4.98534	7	81.6649	242.45	0.0	0.0
52063	10.61	Highway.node[7].appl	BrakingNoGui		0.0	0.0	4.98534	7	81.6649	242.45	0.0	0.0
52609	10.71	Highway.node[7].appl	BrakingNoGui		0.0	0.0	4.98534	7	81.6649	242.45	0.0	0.0
53155	10.81	Highway.node[7].appl	BrakingNoGui		0.0	0.0	4.98534	7	81.6649	242.45	0.0	0.0
53701	10.91	Highway.node[7].appl	BrakingNoGui		0.0	0.0	4.98534	7	81.6649	242.45	0.0	0.0
54255	11.01	Highway.node[7].appl	BrakingNoGui		0.0	0.0	4.98534	7	81.6649	242.45	0.0	0.0
54801	11.11	Highway.node[7].appl	BrakingNoGui		0.0	0.0	4.98534	7	81.6649	242.45	0.0	0.0
55347	11.21	Highway.node[7].appl	BrakingNoGui		0.0	0.0	4.98534	7	81.6649	242.45	0.0	0.0
55893	11.31	Highway.node[7].appl	BrakingNoGui		0.0	0.0	4.98534	7	81.6649	242.45	0.0	0.0
56439	11.41	Highway.node[7].appl	BrakingNoGui		0.0	0.0	4.98534	7	81.6649	242.45	0.0	0.0
56985	11.51	Highway.node[7].appl	BrakingNoGui		0.0	0.0	4.98534	7	81.6649	242.45	0.0	0.0
57531	11.61	Highway.node[7].appl	BrakingNoGui		0.0	0.0	4.98534	7	81.6649	242.45	0.0	0.0
58077	11.71	Highway.node[7].appl	BrakingNoGui		0.0	0.0	4.98534	7	81.6649	242.45	0.0	0.0
58623	11.81	Highway.node[7].appl	BrakingNoGui		0.0	0.0	4.98534	7	81.6649	242.45	0.0	0.0
59169	11.91	Highway.node[7].appl	BrakingNoGui		0.0	0.0	4.98534	7	81.6649	242.45	0.0	0.0
59723	12.01	Highway.node[7].appl	BrakingNoGui		0.0	0.0	4.98534	7	81.6649	242.45	0.0	0.0
60269	12.11	Highway.node[7].appl	BrakingNoGui		0.0	0.0	4.98534	7	81.6649	242.45	0.0	0.0
60815	12.21	Highway.node[7].appl	BrakingNoGui		0.0	0.0	4.98534	7	81.6649	242.45	0.0	0.0
61361	12.31	Highway.node[7].appl	BrakingNoGui		0.0	0.0	4.98534	7	81.6649	242.45	0.0	0.0
61907	12.41	Highway.node[7].appl	BrakingNoGui		0.0	0.0	4.98534	7	81.6649	242.45	0.0	0.0
62453	12.51	Highway.node[7].appl	BrakingNoGui		0.0	0.0	4.98534	7	81.6649	242.45	0.0	0.0
62999	12.61	Highway.node[7].appl	BrakingNoGui		0.0	0.0	4.98534	7	81.6649	242.45	0.0	0.0
63545	12.71	Highway.node[7].appl	BrakingNoGui		0.0	0.0	4.98534	7	81.6649	242.45	0.0	0.0
64091	12.81	Highway.node[7].appl	BrakingNoGui		0.0	0.0	4.98534	7	81.6649	242.45	0.0	0.0
64637	12.91	Highway.node[7].appl	BrakingNoGui		0.0	0.0	4.98534	7	81.6649	242.45	0.0	0.0
65191	13.01	Highway.node[7].appl	BrakingNoGui		0.0	0.0	4.98534	7	81.6649	242.45	0.0	0.0
65737	13.11	Highway.node[7].appl	BrakingNoGui		0.0	0.0	4.98534	7	81.6649	242.45	0.0	0.0
66283	13.21	Highway.node[7].appl	BrakingNoGui		0.0	0.0	4.98534	7	81.6649	242.45	0.0	0.0
66829	13.31	Highway.node[7].appl	BrakingNoGui		0.0	0.0	4.98534	7	81.6649	242.45	0.0	0.0
67375	13.41	Highway.node[7].appl	BrakingNoGui		0.0	0.0	4.98534	7	81.6649	242.45	0.0	0.0
67921	13.51	Highway.node[7].appl	BrakingNoGui		0.0	0.0	4.98534	7	81.6649	242.45	0.0	0.0
68467	13.61	Highway.node[7].appl	BrakingNoGui		0.0	0.0	4.98534	7	81.6649	242.45	0.0	0.0
69013	13.71	Highway.node[7].appl	BrakingNoGui		0.0	0.0	4.98534	7	81.6649	242.45	0.0	0.0
69559	13.81	Highway.node[7].appl	BrakingNoGui		0.0	0.0	4.98534	7	81.6649	242.45	0.0	0.0
70105	13.91	Highway.node[7].appl	BrakingNoGui		0.0	0.0	4.98534	7	81.6649	242.45	0.0	0.0
70659	14.01	Highway.node[7].appl	BrakingNoGui		0.0	0.0	4.98534	7	81.6649	242.45	0.0	0.0
71205	14.11	Highway.node[7].appl	BrakingNoGui		0.0	0.0	4.98534	7	81.6649	242.45	0.0	0.0
71751	14.21	Highway.node[7].appl	BrakingNoGui		0.0	0.0	4.98534	7	81.6649	242.45	0.0	0.0
72297	14.31	Highway.node[7].appl	BrakingNoGui		0.0	0.0	4.98534	7	81.6649	242.45	0.0	0.0
72843	14.41	Highway.node[7].appl	BrakingNoGui		0.0	0.0	4.98534	7	81.6649	242.45	0.0	0.0
73389	14.51	Highway.node[7].appl	BrakingNoGui		0.0	0.0	4.98534	7	81.6649	242.45	0.0	0.0
73935	14.61	Highway.node[7].appl	BrakingNoGui		0.0	0.0	4.98534	7	81.6649	242.45	0.0	0.0
74481	14.71	Highway.node[7].appl	BrakingNoGui		0.0	0.0	4.98534	7	81.6649	242.45	0.0	0.0
75027	14.81	Highway.node[7].appl	BrakingNoGui		0.0	0.0	4.98534	7	81.6649	242.45	0.0	0.0
75573	14.91	Highway.node[7].appl	BrakingNoGui		0.0	0.0	4.98534	7	81.6649	242.45	0.0	0.0
76127	15.01	Highway.node[7].appl	BrakingNoGui		0.0	0.0	4.98534	7	81.6649	242.45	0.0	0.0
76673	15.11	Highway.node[7].appl	BrakingNoGui		0.0	0.0	4.98534	7	81.6649	242.45	0.0	0.0
77219	15.21	Highway.node[7].appl	BrakingNoGui		0.0	0.0	4.98534	7	81.6649	242.45	0.0	0.0
77765	15.31	Highway.node[7].appl	BrakingNoGui		0.0	0.0	4.98534	7	81.6649	242.45	0.0	0.0
78311	15.41	Highway.node[7].appl	BrakingNoGui		0.0	0.0	4.98534	7	81.6649	242.45	0.0	0.0
78857	15.51	Highway.node[7].appl	BrakingNoGui		0.0	0.0	4.98534	7	81.6649	242.45	0.0	0.0
79403	15.61	Highway.node[7].appl	BrakingNoGui		0.0	0.0	4.98534	7	81.6649	242.45	0.0	0.0
79949	15.71	Highway.node[7].appl	BrakingNoGui		0.0	0.0	4.98534	7	81.6649	242.45	0.0	0.0
80495	15.81	Highway.node[7].appl	BrakingNoGui		0.0	0.0	4.98534	7	81.6649	242.45	0.0	0.0
81041	15.91	Highway.node[7].appl	BrakingNoGui		0.0	0.0	4.98534	7	81.6649	242.45	0.0	0.0
81595	16.01	Highway.node[7].appl	BrakingNoGui		0.0	0.0	4.98534	7	81.6649	242.45	0.0	0.0
82141	16.11	Highway.node[7].appl	BrakingNoGui		0.0	0.0	4.98534	7	81.6649	242.45	0.0	0.0
82687	16.21	Highway.node[7].appl	BrakingNoGui		0.0	0.0	4.98534	7	81.6649	242.45	0.0	0.0
83233	16.31	Highway.node[7].appl	BrakingNoGui		0.0	0.0	4.98534	7	81.6649	242.45	0.0	0.0
83779	16.41	Highway.node[7].appl	BrakingNoGui		0.0	0.0	4.98534	7	81.6649	242.45	0.0	0.0
84325	16.51	Highway.node[7].appl	BrakingNoGui		0.0	0.0	4.98534	7	81.6649	242.45	0.0	0.0
84871	16.61	Highway.node[7].appl	BrakingNoGui		0.0	0.0	4.98534	7	81.6649	242.45	0.0	0.0
85417	16.71	Highway.node[7].appl	BrakingNoGui		0.0	0.0	4.98534	7	81.6649	242.45	0.0	0.0
85963	16.81	Highway.node[7].appl	BrakingNoGui		0.0	0.0	4.98534	7	81.6649	242.45	0.0	0.0
86509	16.91	Highway.node[7].appl	BrakingNoGui		0.0	0.0	4.98534	7	81.6649	242.45	0.0	0.0
87063	17.01	Highway.node[7].appl	BrakingNoGui		0.0	0.0	4.98534	7	81.6649	242.45	0.0	0.0
87609	17.11	Highway.node[7].appl	BrakingNoGui		0.0	0.0	4.98534	7	81.6649	242.45	0.0	0.0
88155	17.21	Highway.node[7].appl	BrakingNoGui		0.0	0.0	4.98534	7	81.6649	242.45	0.0	0.0
88701	17.31	Highway.node[7].appl	BrakingNoGui		0.0	0.0	4.98534	7	81.6649	242.45	0.0	0.0
89247	17.41	Highway.node[7].appl	BrakingNoGui		0.0	0.0	4.98534	7	81.6649	242.45	0.0	0.0
89793	17.51	Highway.node[7].appl	BrakingNoGui		0.0	0.0	4.98534	7	81.6649	242.45	0.0	0.0
90339	17.61	Highway.node[7].appl	BrakingNoGui		0.0	0.0	4.98534	7	81.6649	242.45	0.0	0.0
90885	17.71	Highway.node[7].appl	BrakingNoGui		0.0	0.0	4.98534	7	81.6649	242.45	0.0	0.0
91431	17.81	Highway.node[7].appl	BrakingNoGui		0.0	0.0	4.98534	7	81.6649	242.45	0.0	0.0
91977	17.91	Highway.node[7].appl	BrakingNoGui		0.0	0.0	4.98534	7	81.6649	242.45	0.0	0.0
92531	18.01	Highway.node[7].appl	BrakingNoGui		0.0	0.0	4.98534	7	81.6649	242.45	0.0	0.0
93077	18.11	Highway.node[7].appl	BrakingNoGui		0.0	0.0	4.98534	7	81.6649	242.45	0.0	0.0
93623	18.21	Highway.node[7].appl	BrakingNoGui		0.0	0.0	4.98534	7	81.6649	242.45	0.0	0.0
94169	18.31	Highway.node[7].appl	BrakingNoGui		0.0	0.0	4.98534	7	81.6649	242.45	0.0	0.0
94715	18.41	Highway.node[7].appl	BrakingNoGui		0.0	0.0	4.98534	7	81.6649	242.45	0.0	0.0
95261	18.51	Highway.node[7].appl	BrakingNoGui		0.0	0.0	4.98534	7	81.6649	242.45	0.0	0.0
95807	18.61	Highway.node[7].appl	BrakingNoGui		0.0	0.0	4.98534	7	81.6649	242.45	0.0	0.0
96353	18.71	Highway.node[7].appl	BrakingNoGui		0.0	0.0	4.98534	7	81.6649	242.45	0.0	0.0
96899	18.81	Highway.node[7].appl	BrakingNoGui		0.0	0.0	4.98534	7	81.6649	242.45	0.0	0.0
97445	18.91	Highway.node[7].appl	BrakingNoGui		0.0	0.0	4.98534	7	81.6649	242.45	0.0	0.0
97999	19.01	Highway.node[7].appl	BrakingNoGui		0.0	0.0	4.98534	7	81.6649	242.45	0.0	0.0
98545	19.11	Highway.node[7].appl	BrakingNoGui		0.0	0.0	4.98534	7	81.6649	242.45	0.0	0.0
99091	19.21	Highway.node[7].appl	BrakingNoGui		0.0	0.0	4.98534	7	81.6649	242.45	0.0	0.0
99637	19.31	Highway.node[7].appl	BrakingNoGui		0.0	0.0	4.98534	7	81.6649	242.45	0.0	0.0
100183	19.41	Highway.node[7].appl	BrakingNoGui		0.0	0.0	4.98534	7	81.6649	242.45	0.0	0.0
100729	19.51	Highway.node[7].appl	BrakingNoGui		0.0	0.0	4.98534	7	81.6649	242.45	0.0	0.0
101275	19.61	Highway.node[7].appl	BrakingNoGui		0.0	0.0	4.98534	7	81.6649	242.45	0.0	0.0
101821	19.71	Highway.node[7].appl	BrakingNoGui		0.0	0.0	4.98534	7	81.6649	242.45	0.0	0.0
102367	19.81	Highway.node[7].appl	BrakingNoGui		0.0	0.0	4.98534	7	81.6649	242.45	0.0	0.0
102913	19.91	Highway.node[7].appl	BrakingNoGui		0.0	0.0	4.98534	7	81.6649	242.45	0.0	0.0
103467	20.01	Highway.node[7].appl	BrakingNoGui		0.0	0.0	4.98534	7	81.6649	242.45	0.0	0.0
104013	20.11	Highway.node[7].appl	BrakingNoGui		0.0	0.0	4.98534	7	81.6649	242.45	0.0	0.0
104559	20.21	Highway.node[7].appl	BrakingNoGui		0.0	0.0	4.98534	7	81.6649	242.45	0.0	0.0
105105	20.31	Highway.node[7].appl	BrakingNoGui		0.0	0.0	4.98534	7	81.6649	242.45	0.0	0.0
105651	20.41	Highway.node[7].appl	BrakingNoGui		0.0	0.0	4.98534	7	81.6649	242.45	0.0	0.0
106197	20.51	Highway.node[7].appl	BrakingNoGui		0.0	0.0	4.98534	7	81.6649	242.45	0.0	0.0
106743	20.61	Highway.node[7].appl	BrakingNoGui		0.0	0.0	4.98534	7	81.6649	242.45	0.0	0.0
107289	20.71	Highway.node[7].appl	BrakingNoGui		0.0	0.0	4.98534	7	81.6649	242.45	0.0	0.0
107835	20.81	Highway.node[7].appl	BrakingNoGui		0.0	0.0	4.98534	7	81.6649	242.45	0.0	0.0
108381	20.91	Highway.node[7].appl	BrakingNoGui		0.0	0.0	4.98534	7	81.6649	242.45	0.0	0.0
108935	21.01	Highway.node[7].appl	BrakingNoGui		0.0	0.0	4.98534	7	81.6649	242.45	0.0	0.0
109481	21.11	Highway.node[7].appl	BrakingNoGui		0.0	0.0	4.98534	7	81.6649	242.45	0.0	0.0
110027	21.21	Highway.node[7].appl	BrakingNoGui		0.0	0.0	4.98534	7	81.6649	242.45	0.0	0.0
110573	21.31	Highway.node[7].appl	BrakingNoGui		0.0	0.0	4.98534	7	81.6649	242.45	0.0	0.0
111119	21.41	Highway.node[7].appl	BrakingNoGui		0.0	0.0	4.98534	7	81.6649	242.45	0.0	0.0
111665	21.51	Highway.node[7].appl	BrakingNoGui		0.0	0.0	4.98534	7	81.6649	242.45	0.0	0.0
112211	21.61	Highway.node[7].appl	BrakingNoGui		0.0	0.0	4.98534	7	81.6649	242.45	0.0	0.0
112757	21.71	Highway.node[7].appl	BrakingNoGui		0.0	0.0	4.98534	7	81.6649	242.45	0.0	0.0
113303	21.81	Highway.node[7].appl	BrakingNoGui		0.0	0.0	4.98534	7	81.6649	242.45	0.0	0.0
113849	21.91	Highway.node[7].appl	BrakingNoGui		0.0	0.0	4.98534	7	81.6649	242.45	0.0	0.0
114403	22.01	Highway.node[7].appl	BrakingNoGui		0.0	0.0	4.98534	7	81.6649	242.45	0.0	0.0
114949	22.11	Highway.node[7].appl	BrakingNoGui		0.0	0.0	4.98534	7	81.6649	242.45	0.0	0.0
115495	22.21	Highway.node[7].appl	BrakingNoGui		0.0	0.0	4.98534	7	81.6649	242.45	0.0	0.0
116041	22.31	Highway.node[7].appl	BrakingNoGui		0.0	0.0	4.98534	7	81.6649	242.45	0.0	0.0
116587	22.41	Highway.node[7].appl	BrakingNoGui		0.0	0.0	4.98534	7	81.6649	242.45	0.0	0.0
117133	22.51	Highway.node[7].appl	BrakingNoGui		0.0	0.0	4.98534	7	81.6649	242.45	0.0	0.0
117679	22.61	Highway.node[7].appl	BrakingNoGui		0.0	0.0	4.98534	7	81.6649	242.45	0.0	0.0
118225	22.71	Highway.node[7].appl	BrakingNoGui		0.0	0.0	4.98534	7	81.6649	242.45	0.0	0.0
118771	22.81	Highway.node[7].appl	BrakingNoGui		0.0	0.0	4.98534	7	81.6649	242.45	0.0	0.0
119317	22.91	Highway.node[7].appl	BrakingNoGui		0.0	0.0	4.98534	7	81.6649	242.45	0.0	0.0
119871	23.01	Highway.node[7].appl	BrakingNoGui		0.0	0.0	4.98534	7	81.6649	242.45	0.0	0.0
120417	23.11	Highway.node[7].appl	BrakingNoGui		0.0	0.0	4.98534	7	81.6649	242.45	0.0	0.0
120963	23.21	Highway.node[7].appl	BrakingNoGui		0.0	0.0	4.98534	7	81.6649	242.45	0.0	0.0
121509	23.31	Highway.node[7].appl	BrakingNoGui		0.0	0.0	4.98534	7	81.6649	242.45	0.0	0.0
122055	23.41	Highway.node[7].appl	BrakingNoGui		0.0	0.0	4.98534	7	81.6649	242.45	0.0	0.0
122601	23.51	Highway.node[7].appl	BrakingNoGui		0.0	0.0	4.98534	7	81.6649	242.45	0.0	0.0
123147	23.61	Highway.node[7].appl	BrakingNoGui		0.0	0.0	4.98534	7	81.6649	242.45	0.0	0.0
123693	23.71	Highway.node[7].appl	BrakingNoGui		0.0	0.0	4.98534	7	81.6649	242.45	0.0	0.0
124239	23.81	Highway.node[7].appl	BrakingNoGui		0.0	0.0	4.98534	7	81.6649	242.45	0.0	0.0
124785	23.91	Highway.node[7].appl	BrakingNoGui		0.0	0.0	4.98534	7	81.6649	242.45	0.0	0.0
125339	24.01	Highway.node[7].appl	BrakingNoGui		0.0	0.0	4.98534	7	81.6649	242.45	0.0	0.0
125885	24.11	Highway.node[7].appl	BrakingNoGui		0.0	0.0	4.98534	7	81.6649	242.45	0.0	0.0
126431	24.21	Highway.node[7].appl	BrakingNoGui		0.0	0.0	4.98534	7	81.6649	242.45	0.0	0.0
126977	24.31	Highway.node[7].appl	BrakingNoGui		0.0	0.0	4.98534	7	81.6649	242.45	0.0	0.0
127523	24.41	Highway.node[7].appl	BrakingNoGui		0.0	0.0	4.98534	7	81.6649	242.45	0.0	0.0
128069	24.51	Highway.node[7].appl	BrakingNoGui		0.0	0.0	4.98534	7	81.6649	242.45	0.0	0.0
128615	24.61	Highway.node[7].appl	BrakingNoGui		0.0	0.0	4.98534	7	81.6649	242.45	0.0	0.0
129161	24.71	Highway.node[7].appl	BrakingNoGui		0.0	0.0	4.98534	7	81.6649	242.45	0.0	0.0
129707	24.81	Highway.node[7].appl	BrakingNoGui		0.0	0.0	4.98534	7	81.6649	242.45	0.0	0.0
130253	24.91	Highway.node[7].appl	BrakingNoGui		0.0	0.0	4.98534	7	81.6649	242.45	0.0	0.0
130807	25.01	Highway.node[7].appl	BrakingNoGui		0.0	0.0	4.98534	7	81.6649	242.45	0.0	0.0
131353	25.11	Highway.node[7].appl	BrakingNoGui		0.0	0.0	4.98534	7	81.6649	242.45	0.0	0.0
131899	25.21	Highway.node[7].appl	BrakingNoGui		0.0	0.0	4.98534	7	81.6649	242.45	0.0	0.0
132445	25.31	Highway.node[7].appl	BrakingNoGui		0.0	0.0	4.98534	7	81.6649	242.45	0.0	0.0
132991	25.41	Highway.node[7].appl	BrakingNoGui		0.0	0.0	4.98534	7	81.6649	242.45	0.0	0.0
133537	25.51	Highway.node[7].appl	BrakingNoGui		0.0	0.0	4.98534	7	81.6649	242.45	0.0	0.0
134083	25.61	Highway.node[7].appl	BrakingNoGui		0.0	0.0	4.98534	7	81.6649	242.45	0.0	0.0
134629	25.71	Highway.node[7].appl	BrakingNoGui		0.0	0.0	4.98534	7	81.6649	242.45	0.0	0.0
135175	25.81	Highway.node[7].appl	BrakingNoGui		0.0	0.0	4.98534	7	81.6649	242.45	0.0	0.0
135721	25.91	Highway.node[7].appl	BrakingNoGui		0.0	0.0	4.98534	7	81.6649	242.45	0.0	0.0
136275	26.01	Highway.node[7].appl	BrakingNoGui		0.0	0.0	4.98534	7	81.6649	242.45	0.0	0.0
136821	26.11	Highway.node[7].appl	BrakingNoGui		0.0	0.0	4.98534	7	81.6649	242.45	0.0	0.0
137367	26.21	Highway.node[7].appl	BrakingNoGui		0.0	0.0	4.98534	7	81.6649	242.45	0.0	0.0
137913	26.31	Highway.node[7].appl	BrakingNoGui		0.0	0.0	4.98534	7	81.6649	242.45	0.0	0.0
138459	26.41	Highway.node[7].appl	BrakingNoGui		0.0	0.0	4.98534	7	81.6649	242.45	0.0	0.0
139005	26.51	Highway.node[7].appl	BrakingNoGui		0.0	0.0	4.98534	7	81.6649	242.45	0.0	0.0
139551	26.61	Highway.node[7].appl	BrakingNoGui		0.0	0.0	4.98534	7	81.6649	242.45	0.0	0.0
140097	26.71	Highway.node[7].appl	BrakingNoGui		0.0	0.0	4.98534	7	81.6649	242.45	0.0	0.0
140643	26.81	Highway.node[7].appl	BrakingNoGui		0.0	0.0	4.98534	7	81.6649	242.45	0.0	0.0
141189	26.91	Highway.node[7].appl	BrakingNoGui		0.0	0.0	4.98534	7	81.6649	242.45	0.0	0.0
141743	27.01	Highway.node[7].appl	BrakingNoGui		0.0	0.0	4.98534	7	81.6649	242.45	0.0	0.0
142289	27.11	Highway.node[7].appl	BrakingNoGui		0.0	0.0	4.98534	7	81.6649	242.45	0.0	0.0
142835	27.21	Highway.node[7].appl	BrakingNoGui		0.0	0.0	4.98534	7	81.6649	242.45	0.0	0.0
143381	27.31	Highway.node[7].appl	BrakingNoGui		0.0	0.0	4.98534	7	81.6649	242.45	0.0	0.0
143927	27.41	Highway.node[7].appl	BrakingNoGui		0.0	0.0	4.98534	7	81.6649	242.45	0.0	0.0
144473	27.51	Highway.node[7].appl	BrakingNoGui		0.0	0.0	4.98534	7	81.6649	242.45	0.0	0.0
145019	27.61	Highway.node[7].appl	BrakingNoGui		0.0	0.0	4.98534	7	81.6649	242.45	0.0	0.0
145565	27.71	Highway.node[7].appl	BrakingNoGui		0.0	0.0	4.98534	7	81.6649	242.45	0.0	0.0
146111	27.81	Highway.node[7].appl	BrakingNoGui		0.0	0.0	4.98534	7	81.6649	242.45	0.0	0.0
146657	27.91	Highway.node[7].appl	BrakingNoGui		0.0	0.0	4.98534	7	81.6649	242.45	0.0	0.0
147211	28.01	Highway.node[7].appl	BrakingNoGui		0.0	0.0	4.98534	7	81.6649	242.45	0.0	0.0
147757	28.11	Highway.node[7].appl	BrakingNoGui		0.0	0.0	4.98534	7	81.6649	242.45	0.0	0.0
148303	28.21	Highway.node[7].appl	BrakingNoGui		0.0	0.0	4.98534	7	81.6649	242.45	0.0	0.0
148849	28.31	Highway.node[7].appl	BrakingNoGui		0.0	0.0	4.98534	7	81.6649	242.45	0.0	0.0
149395	28.41	Highway.node[7].appl	BrakingNoGui		0.0	0.0	4.98534	7	81.6649	242.45	0.0	0.0
149941	28.51	Highway.node[7].appl	BrakingNoGui		0.0	0.0	4.98534	7	81.6649	242.45	0.0	0.0
150487	28.61	Highway.node[7].appl	BrakingNoGui		0.0	0.0	4.98534	7	81.6649	242.45	0.0	0.0
151033	28.71	Highway.node[7].appl	BrakingNoGui		0.0	0.0	4.98534	7	81.6649	242.45	0.0	0.0
151579	28.81	Highway.node[7].appl	BrakingNoGui		0.0	0.0	4.98534	7	81.6649	242.45	0.0	0.0
152125	28.91	Highway.node[7].appl	BrakingNoGui		0.0	0.0	4.98534	7	81.6649	242.45	0.0	0.0
152679	29.01	Highway.node[7].appl	BrakingNoGui		0.0	0.0	4.98534	7	81.6649	242.45	0.0	0.0
153225	29.11	Highway.node[7].appl	BrakingNoGui		0.0	0.0	4.98534	7	81.6649	242.45	0.0	0.0
153771	29.21	Highway.node[7].appl	BrakingNoGui		0.0	0.0	4.98534	7	81.6649	242.45	0.0	0.0
154317	29.31	Highway.node[7].appl	BrakingNoGui		0.0	0.0	4.98534	7	81.6649	242.45	0.0	0.0
154863	29.41	Highway.node[7].appl	BrakingNoGui		0.0	0.0	4.98534	7	81.6649	242.45	0.0	0.0
155409	29.51	Highway.node[7].appl	BrakingNoGui		0.0	0.0	4.98534	7	81.6649	242.45	0.0	0.0
155955	29.61	Highway.node[7].appl	BrakingNoGui		0.0	0.0	4.98534	7	81.6649	242.45	0.0	0.0
156501	29.71	Highway.node[7].appl	BrakingNoGui		0.0	0.0	4.98534	7	81.6649	242.45	0.0	0.0
157047	29.81	Highway.node[7].appl	BrakingNoGui		0.0	0.0	4.98534	7	81.6649	242.45	0.0	0.0
157593	29.91	Highway.node[7].appl	BrakingNoGui		0.0	0.0	4.98534	7	81.6649	242.45	0.0	0.0
158147	30.01	Highway.node[7].appl	BrakingNoGui		0.0	0.0	4.98534	7	81.6649	242.45	0.0	0.0
158693	30.11	Highway.node[7].appl	BrakingNoGui		0.0	0.0	4.98534	7	81.6649	242.45	0.0	0.0
159239	30.21	Highway.node[7].appl	BrakingNoGui		0.0	0.0	4.98534	7	81.6649	242.45	0.0	0.0
159785	30.31	Highway.node[7].appl	BrakingNoGui		0.0	0.0	4.98534	7	81.6649	242.45	0.0	0.0
160331	30.41	Highway.node[7].appl	BrakingNoGui		0.0	0.0	4.98534	7	81.6649	242.45	0.0	0.0
160877	30.51	Highway.node[7].appl	BrakingNoGui		0.0	0.0	4.98534	7	81.6649	242.45	0.0	0.0
161423	30.61	Highway.node[7].appl	BrakingNoGui		0.0	0.0	4.98534	7	81.6649	242.45	0.0	0.0
161969	30.71	Highway.node[7].appl	BrakingNoGui		0.0	0.0	4.98534	7	81.6649	242.45	0.0	0.0
162515	30.81	Highway.node[7].appl	BrakingNoGui		0.0	0.0	4.98534	7	81.6649	242.45	0.0	0.0
163061	30.91	Highway.node[7].appl	BrakingNoGui		0.0	0.0	4.98534	7	81.6649	242.45	0.0	0.0
163615	31.01	Highway.node[7].appl	BrakingNoGui		0.0	0.0	4.98534	7	81.6649	242.45	0.0	0.0
164161	31.11	Highway.node[7].appl	BrakingNoGui		0.0	0.0	4.98534	7	81.6649	242.45	0.0	0.0
164707	31.21	Highway.node[7].appl	BrakingNoGui		0.0	0.0	4.98534	7	81.6649	242.45	0.0	0.0
165253	31.31	Highway.node[7].appl	BrakingNoGui		0.0	0.0	4.98534	7	81.6649	242.45	0.0	0.0
165799	31.41	Highway.node[7].appl	BrakingNoGui		0.0	0.0	4.98534	7	81.6649	242.45	0.0	0.0
166345	31.51	Highway.node[7].appl	BrakingNoGui		0.0	0.0	4.98534	7	81.6649	242.45	0.0	0.0
166891	31.61	Highway.node[7].appl	BrakingNoGui		0.0	0.0	4.98534	7	81.6649	242.45	0.0	0.0
167437	31.71	Highway.node[7].appl	BrakingNoGui		0.0	0.0	4.98534	7	81.6649	242.45	0.0	0.0
167983	31.81	Highway.node[7].appl	BrakingNoGui		0.0	0.0	4.98534	7	81.6649	242.45	0.0	0.0
168529	31.91	Highway.node[7].appl	BrakingNoGui		0.0	0.0	4.98534	7	81.6649	242.45	0.0	0.0
169083	32.01	Highway.node[7].appl	BrakingNoGui		0.0	0.0	4.98534	7	81.6649	242.45	0.0	0.0
169629	32.11	Highway.node[7].appl	BrakingNoGui		0.0	0.0	4.98534	7	81.6649	242.45	0.0	0.0
170175	32.21	Highway.node[7].appl	BrakingNoGui		0.0	0.0	4.98534	7	81.6649	242.45	0.0	0.0
170721	32.31	Highway.node[7].appl	BrakingNoGui		0.0	0.0	4.98534	7	81.6649	242.45	0.0	0.0
171267	32.41	Highway.node[7].appl	BrakingNoGui		0.0	0.0	4.98534	7	81.6649	242.45	0.0	0.0
171813	32.51	Highway.node[7].appl	BrakingNoGui		0.0	0.0	4.98534	7	81.6649	242.45	0.0	0.0
172359	32.61	Highway.node[7].appl	BrakingNoGui		0.0	0.0	4.98534	7	81.6649	242.45	0.0	0.0
172905	32.71	Highway.node[7].appl	BrakingNoGui		0.0	0.0	4.98534	7	81.6649	242.45	0.0	0.0
173451	32.81	Highway.node[7].appl	BrakingNoGui		0.0	0.0	4.98534	7	81.6649	242.45	0.0	0.0
173997	32.91	Highway.node[7].appl	BrakingNoGui		0.0	0.0	4.98534	7	81.6649	242.45	0.0	0.0
174551	33.01	Highway.node[7].appl	BrakingNoGui		0.0	0.0	4.98534	7	81.6649	242.45	0.0	0.0
175097	33.11	Highway.node[7].appl	BrakingNoGui		0.0	0.0	4.98534	7	81.6649	242.45	0.0	0.0
175643	33.21	Highway.node[7].appl	BrakingNoGui		0.0	0.0	4.98534	7	81.6649	242.45	0.0	0.0
176189	33.31	Highway.node[7].appl	BrakingNoGui		0.0	0.0	4.98534	7	81.6649	242.45	0.0	0.0
176735	33.41	Highway.node[7].appl	BrakingNoGui		0.0	0.0	4.98534	7	81.6649	242.45	0.0	0.0
177281	33.51	Highway.node[7].appl	BrakingNoGui		0.0	0.0	4.98534	7	81.6649	242.45	0.0	0.0
177827	33.61	Highway.node[7].appl	BrakingNoGui		0.0	0.0	4.98534	7	81.6649	242.45	0.0	0.0
178373	33.71	Highway.node[7].appl	BrakingNoGui		0.0	0.0	4.98534	7	81.6649	242.45	0.0	0.0
178919	33.81	Highway.node[7].appl	BrakingNoGui		0.0	0.0	4.98534	7	81.6649	242.45	0.0	0.0
179465	33.91	Highway.node[7].appl	BrakingNoGui		0.0	0.0	4.98534	7	81.6649	242.45	0.0	0.0
180019	34.01	Highway.node[7].appl	BrakingNoGui		0.0	0.0	4.98534	7	81.6649	242.45	0.0	0.0
180565	34.11	Highway.node[7].appl	BrakingNoGui		0.0	0.0	4.98534	7	81.6649	242.45	0.0	0.0
181111	34.21	Highway.node[7].appl	BrakingNoGui		0.0	0.0	4.98534	7	81.6649	242.45	0.0	0.0
181657	34.31	Highway.node[7].appl	BrakingNoGui		0.0	0.0	4.98534	7	81.6649	242.45	0.0	0.0
182203	34.41	Highway.node[7].appl	BrakingNoGui		0.0	0.0	4.98534	7	81.6649	242.45	0.0	0.0
182749	34.51	Highway.node[7].appl	BrakingNoGui		0.0	0.0	4.98534	7	81.6649	242.45	0.0	0.0
183295	34.61	Highway.node[7].appl	BrakingNoGui		0.0	0.0	4.98534	7	81.6649	242.45	0.0	0.0
183841	34.71	Highway.node[7].appl	BrakingNoGui		0.0	0.0	4.98534	7	81.6649	242.45	0.0	0.0
184387	34.81	Highway.node[7].appl	BrakingNoGui		0.0	0.0	4.98534	7	81.6649	242.45	0.0	0.0
184933	34.91	Highway.node[7].appl	BrakingNoGui		0.0	0.0	4.98534	7	81.6649	242.45	0.0	0.0
185487	35.01	Highway.node[7].appl	BrakingNoGui		0.0	0.0	4.98534	7	81.6649	242.45	0.0	0.0
186033	35.11	Highway.node[7].appl	BrakingNoGui		0.0	0.0	4.98534	7	81.6649	242.45	0.0	0.0
186579	35.21	Highway.node[7].appl	BrakingNoGui		0.0	0.0	4.98534	7	81.6649	242.45	0.0	0.0
187125	35.31	Highway.node[7].appl	BrakingNoGui		0.0	0.0	4.98534	7	81.6649	242.45	0.0	0.0
187671	35.41	Highway.node[7].appl	BrakingNoGui		0.0	0.0	4.98534	7	81.6649	242.45	0.0	0.0
188217	35.51	Highway.node[7].appl	BrakingNoGui		0.0	0.0	4.98534	7	81.6649	242.45	0.0	0.0
188763	35.61	Highway.node[7].appl	BrakingNoGui		0.0	0.0	4.98534	7	81.6649	242.45	0.0	0.0
189309	35.71	Highway.node[7].appl	BrakingNoGui		0.0	0.0	4.98534	7	81.6649	242.45	0.0	0.0
189855	35.81	Highway.node[7].appl	BrakingNoGui		0.0	0.0	4.98534	7	81.6649	242.45	0.0	0.0
190401	35.91	Highway.node[7].appl	BrakingNoGui		0.0	0.0	4.98534	7	81.6649	242.45	0.0	0.0
190955	36.01	Highway.node[7].appl	BrakingNoGui		0.0	0.0	4.98534	7	81.6649	242.45	0.0	0.0
191501	36.11	Highway.node[7].appl	BrakingNoGui		0.0	0.0	4.98534	7	81.6649	242.45	0.0	0.0
192047	36.21	Highway.node[7].appl	BrakingNoGui		0.0	0.0	4.98534	7	81.6649	242.45	0.0	0.0
192593	36.31	Highway.node[7].appl	BrakingNoGui		0.0	0.0	4.98534	7	81.6649	242.45	0.0	0.0
193139	36.41	Highway.node[7].appl	BrakingNoGui		0.0	0.0	4.98534	7	81.6649	242.45	0.0	0.0
193685	36.51	Highway.node[7].appl	BrakingNoGui		0.0	0.0	4.98534	7	81.6649	242.45	0.0	0.0
194231	36.61	Highway.node[7].appl	BrakingNoGui		0.0	0.0	4.98534	7	81.6649	242.45	0.0	0.0
194777	36.71	Highway.node[7].appl	BrakingNoGui		0.0	0.0	4.98534	7	81.6649	242.45	0.0	0.0
195323	36.81	Highway.node[7].appl	BrakingNoGui		0.0	0.0	4.98534	7	81.6649	242.45	0.0	0.0
195869	36.91	Highway.node[7].appl	BrakingNoGui		0.0	0.0	4.98534	7	81.6649	242.45	0.0	0.0
196423	37.01	Highway.node[7].appl	BrakingNoGui		0.0	0.0	4.98534	7	81.6649	242.45	0.0	0.0
196969	37.11	Highway.node[7].appl	BrakingNoGui		0.0	0.0	4.98534	7	81.6649	242.45	0.0	0.0
197515	37.21	Highway.node[7].appl	BrakingNoGui		0.0	0.0	4.98534	7	81.6649	242.45	0.0	0.0
198061	37.31	Highway.node[7].appl	BrakingNoGui		0.0	0.0	4.98534	7	81.6649	242.45	0.0	0.0
198607	37.41	Highway.node[7].appl	BrakingNoGui		0.0	0.0	4.98534	7	81.6649	242.45	0.0	0.0
199153	37.51	Highway.node[7].appl	BrakingNoGui		0.0	0.0	4.98534	7	81.6649	242.45	0.0	0.0
199699	37.61	Highway.node[7].appl	BrakingNoGui		0.0	0.0	4.98534	7	81.6649	242.45	0.0	0.0
200245	37.71	Highway.node[7].appl	BrakingNoGui		0.0	0.0	4.98534	7	81.6649	242.45	0.0	0.0
200791	37.81	Highway.node[7].appl	BrakingNoGui		0.0	0.0	4.98534	7	81.6649	242.45	0.0	0.0
201337	37.91	Highway.node[7].appl	BrakingNoGui		0.0	0.0	4.98534	7	81.6649	242.45	0.0	0.0
201891	38.01	Highway.node[7].appl	BrakingNoGui		0.0	0.0	4.98534	7	81.6649	242.45	0.0	0.0
202437	38.11	Highway.node[7].appl	BrakingNoGui		0.0	0.0	4.98534	7	81.6649	242.45	0.0	0.0
202983	38.21	Highway.node[7].appl	BrakingNoGui		0.0	0.0	4.98534	7	81.6649	242.45	0.0	0.0
203529	38.31	Highway.node[7].appl	BrakingNoGui		0.0	0.0	4.98534	7	81.6649	242.45	0.0	0.0
204075	38.41	Highway.node[7].appl	BrakingNoGui		0.0	0.0	4.98534	7	81.6649	242.45	0.0	0.0
204621	38.51	Highway.node[7].appl	BrakingNoGui		0.0	0.0	4.98534	7	81.6649	242.45	0.0	0.0
205167	38.61	Highway.node[7].appl	BrakingNoGui		0.0	0.0	4.98534	7	81.6649	242.45	0.0	0.0
205713	38.71	Highway.node[7].appl	BrakingNoGui		0.0	0.0	4.98534	7	81.6649	242.45	0.0	0.0
206259	38.81	Highway.node[7].appl	BrakingNoGui		0.0	0.0	4.98534	7	81.6649	242.45	0.0	0.0
206805	38.91	Highway.node[7].appl	BrakingNoGui		0.0	0.0	4.98534	7	81.6649	242.45	0.0	0.0
207359	39.01	Highway.node[7].appl	BrakingNoGui		0.0	0.0	4.98534	7	81.6649	242.45	0.0	0.0
207905	39.11	Highway.node[7].appl	BrakingNoGui		0.0	0.0	4.98534	7	81.6649	242.45	0.0	0.0
208451	39.21	Highway.node[7].appl	BrakingNoGui		0.0	0.0	4.98534	7	81.6649	242.45	0.0	0.0
208997	39.31	Highway.node[7].appl	BrakingNoGui		0.0	0.0	4.98534	7	81.6649	242.45	0.0	0.0
209543	39.41	Highway.node[7].appl	BrakingNoGui		0.0	0.0	4.98534	7	81.6649	242.45	0.0	0.0
210089	39.51	Highway.node[7].appl	BrakingNoGui		0.0	0.0	4.98534	7	81.6649	242.45	0.0	0.0
210635	39.61	Highway.node[7].appl	BrakingNoGui		0.0	0.0	4.98534	7	81.6649	242.45	0.0	0.0
211181	39.71	Highway.node[7].appl	BrakingNoGui		0.0	0.0	4.98534	7	81.6649	242.45	0.0	0.0
211727	39.81	Highway.node[7].appl	BrakingNoGui		0.0	0.0	4.98534	7	81.6649	242.45	0.0	0.0
212273	39.91	Highway.node[7].appl	BrakingNoGui		0.0	0.0	4.98534	7	81.6649	242.45	0.0	0.0
212827	40.01	Highway.node[7].appl	BrakingNoGui		0.0	0.0	4.98534	7	81.6649	242.45	0.0	0.0
213373	40.11	Highway.node[7].appl	BrakingNoGui		0.0	0.0	4.98534	7	81.6649	242.45	0.0	0.0
213919	40.21	Highway.node[7].appl	BrakingNoGui		0.0	0.0	4.98534	7	81.6649	242.45	0.0	0.0
214465	40.31	Highway.node[7].appl	BrakingNoGui		0.0	0.0	4.98534	7	81.6649	242.45	0.0	0.0
215011	40.41	Highway.node[7].appl	BrakingNoGui		0.0	0.0	4.98534	7	81.6649	242.45	0.0	0.0
215557	40.51	Highway.node[7].appl	BrakingNoGui		0.0	0.0	4.98534	7	81.6649	242.45	0.0	0.0
216103	40.61	Highway.node[7].appl	BrakingNoGui		0.0	0.0	4.98534	7	81.6649	242.45	0.0	0.0
216649	40.71	Highway.node[7].appl	BrakingNoGui		0.0	0.0	4.98534	7	81.6649	242.45	0.0	0.0
217195	40.81	Highway.node[7].appl	BrakingNoGui		0.0	0.0	4.98534	7	81.6649	242.45	0.0	0.0
217741	40.91	Highway.node[7].appl	BrakingNoGui		0.0	0.0	4.98534	7	81.6649	242.45	0.0	0.0
218295	41.01	Highway.node[7].appl	BrakingNoGui		0.0	0.0	4.98534	7	81.6649	242.45	0.0	0.0
218841	41.11	Highway.node[7].appl	BrakingNoGui		0.0	0.0	4.98534	7	81.6649	242.45	0.0	0.0
219387	41.21	Highway.node[7].appl	BrakingNoGui		0.0	0.0	4.98534	7	81.6649	242.45	0.0	0.0
219933	41.31	Highway.node[7].appl	BrakingNoGui		0.0	0.0	4.98534	7	81.6649	242.45	0.0	0.0
220479	41.41	Highway.node[7].appl	BrakingNoGui		0.0	0.0	4.98534	7	81.6649	242.45	0.0	0.0
221025	41.51	Highway.node[7].appl	BrakingNoGui		0.0	0.0	4.98534	7	81.6649	242.45	0.0	0.0
221571	41.61	Highway.node[7].appl	BrakingNoGui		0.0	0.0	4.98534	7	81.6649	242.45	0.0	0.0
222117	41.71	Highway.node[7].appl	BrakingNoGui		0.0	0.0	4.98534	7	81.6649	242.45	0.0	0.0
222663	41.81	Highway.node[7].appl	BrakingNoGui		0.0	0.0	4.98534	7	81.6649	242.45	0.0	0.0
223209	41.91	Highway.node[7].appl	BrakingNoGui		0.0	0.0	4.98534	7	81.6649	242.45	0.0	0.0
223763	42.01	Highway.node[7].appl	BrakingNoGui		0.0	0.0	4.98534	7	81.6649	242.45	0.0	0.0
224309	42.11	Highway.node[7].appl	BrakingNoGui		0.0	0.0	4.98534	7	81.6649	242.45	0.0	0.0
224855	42.21	Highway.node[7].appl	BrakingNoGui		0.0	0.0	4.98534	7	81.6649	242.45	0.0	0.0
225401	42.31	Highway.node[7].appl	BrakingNoGui		0.0	0.0	4.98534	7	81.6649	242.45	0.0	0.0
225947	42.41	Highway.node[7].appl	BrakingNoGui		0.0	0.0	4.98534	7	81.6649	242.45	0.0	0.0
226493	42.51	Highway.node[7].appl	BrakingNoGui		0.0	0.0	4.98534	7	81.6649	242.45	0.0	0.0
227039	42.61	Highway.node[7].appl	BrakingNoGui		0.0	0.0	4.98534	7	81.6649	242.45	0.0	0.0
227585	42.71	Highway.node[7].appl	BrakingNoGui		0.0	0.0	4.98534	7	81.6649	242.45	0.0	0.0
228131	42.81	Highway.node[7].appl	BrakingNoGui		0.0	0.0	4.98534	7	81.6649	242.45	0.0	0.0
228677	42.91	Highway.node[7].appl	BrakingNoGui		0.0	0.0	4.98534	7	81.6649	242.45	0.0	0.0
229231	43.01	Highway.node[7].appl	BrakingNoGui		0.0	0.0	4.98534	7	81.6649	242.45	0.0	0.0
229777	43.11	Highway.node[7].appl	BrakingNoGui		0.0	0.0	4.98534	7	81.6649	242.45	0.0	0.0
230323	43.21	Highway.node[7].appl	BrakingNoGui		0.0	0.0	4.98534	7	81.6649	242.45	0.0	0.0
230869	43.31	Highway.node[7].appl	BrakingNoGui		0.0	0.0	4.98534	7	81.6649	242.45	0.0	0.0
231415	43.41	Highway.node[7].appl	BrakingNoGui		0.0	0.0	4.98534	7	81.6649	242.45	0.0	0.0
231961	43.51	Highway.node[7].appl	BrakingNoGui		0.0	0.0	4.98534	7	81.6649	242.45	0.0	0.0
232507	43.61	Highway.node[7].appl	BrakingNoGui		0.0	0.0	4.98534	7	81.6649	242.45	0.0	0.0
233053	43.71	Highway.node[7].appl	BrakingNoGui		0.0	0.0	4.98534	7	81.6649	242.45	0.0	0.0
233599	43.81	Highway.node[7].appl	BrakingNoGui		0.0	0.0	4.98534	7	81.6649	242.45	0.0	0.0
234145	43.91	Highway.node[7].appl	BrakingNoGui		0.0	0.0	4.98534	7	81.6649	242.45	0.0	0.0
234699	44.01	Highway.node[7].appl	BrakingNoGui		0.0	0.0	4.98534	7	81.6649	242.45	0.0	0.0
235245	44.11	Highway.node[7].appl	BrakingNoGui		0.0	0.0	4.98534	7	81.6649	242.45	0.0	0.0
235791	44.21	Highway.node[7].appl	BrakingNoGui		0.0	0.0	4.98534	7	81.6649	242.45	0.0	0.0
236337	44.31	Highway.node[7].appl	BrakingNoGui		0.0	0.0	4.98534	7	81.6649	242.45	0.0	0.0
236883	44.41	Highway.node[7].appl	BrakingNoGui		0.0	0.0	4.98534	7	81.6649	242.45	0.0	0.0
237429	44.51	Highway.node[7].appl	BrakingNoGui		0.0	0.0	4.98534	7	81.6649	242.45	0.0	0.0
237975	44.61	Highway.node[7].appl	BrakingNoGui		0.0	0.0	4.98534	7	81.6649	242.45	0.0	0.0
238521	44.71	Highway.node[7].appl	BrakingNoGui		0.0	0.0	4.98534	7	81.6649	242.45	0.0	0.0
239067	44.81	Highway.node[7].appl	BrakingNoGui		0.0	0.0	4.98534	7	81.6649	242.45	0.0	0.0
239613	44.91	Highway.node[7].appl	BrakingNoGui		0.0	0.0	4.98534	7	81.6649	242.45	0.0	0.0
240167	45.01	Highway.node[7].appl	BrakingNoGui		0.0	0.0	4.98534	7	81.6649	242.45	0.0	0.0
240713	45.11	Highway.node[7].appl	BrakingNoGui		0.0	0.0	4.98534	7	81.6649	242.45	0.0	0.0
241259	45.21	Highway.node[7].appl	BrakingNoGui		0.0	0.0	4.98534	7	81.6649	242.45	0.0	0.0
241805	45.31	Highway.node[7].appl	BrakingNoGui		0.0	0.0	4.98534	7	81.6649	242.45	0.0	0.0
242351	45.41	Highway.node[7].appl	BrakingNoGui		0.0	0.0	4.98534	7	81.6649	242.45	0.0	0.0
242897	45.51	Highway.node[7].appl	BrakingNoGui		0.0	0.0	4.98534	7	81.6649	242.45	0.0	0.0
243443	45.61	Highway.node[7].appl	BrakingNoGui		0.0	0.0	4.98534	7	81.6649	242.45	0.0	0.0
243989	45.71	Highway.node[7].appl	BrakingNoGui		0.0	0.0	4.98534	7	81.6649	242.45	0.0	0.0
244535	45.81	Highway.node[7].appl	BrakingNoGui		0.0	0.0	4.98534	7	81.6649	242.45	0.0	0.0
245081	45.91	Highway.node[7].appl	BrakingNoGui		0.0	0.0	4.98534	7	81.6649	242.45	0.0	0.0
245635	46.01	Highway.node[7].appl	BrakingNoGui		0.0	0.0	4.98534	7	81.6649	242.45	0.0	0.0
246181	46.11	Highway.node[7].appl	BrakingNoGui		0.0	0.0	4.98534	7	81.6649	242.45	0.0	0.0
246727	46.21	Highway.node[7].appl	BrakingNoGui		0.0	0.0	4.98534	7	81.6649	242.45	0.0	0.0
247273	46.31	Highway.node[7].appl	BrakingNoGui		0.0	0.0	4.98534	7	81.6649	242.45	0.0	0.0
247819	46.41	Highway.node[7].appl	BrakingNoGui		0.0	0.0	4.98534	7	81.6649	242.45	0.0	0.0
248365	46.51	Highway.node[7].appl	BrakingNoGui		0.0	0.0	4.98534	7	81.6649	242.45	0.0	0.0
248911	46.61	Highway.node[7].appl	BrakingNoGui		0.0	0.0	4.98534	7	81.6649	242.45	0.0	0.0
249457	46.71	Highway.node[7].appl	BrakingNoGui		0.0	0.0	4.98534	7	81.6649	242.45	0.0	0.0
250003	46.81	Highway.node[7].appl	BrakingNoGui		0.0	0.0	4.98534	7	81.6649	242.45	0.0	0.0
250549	46.91	Highway.node[7].appl	BrakingNoGui		0.0	0.0	4.98534	7	81.6649	242.45	0.0	0.0
251103	47.01	Highway.node[7].appl	BrakingNoGui		0.0	0.0	4.98534	7	81.6649	242.45	0.0	0.0
251649	47.11	Highway.node[7].appl	BrakingNoGui		0.0	0.0	4.98534	7	81.6649	242.45	0.0	0.0
252195	47.21	Highway.node[7].appl	BrakingNoGui		0.0	0.0	4.98534	7	81.6649	242.45	0.0	0.0
252741	47.31	Highway.node[7].appl	BrakingNoGui		0.0	0.0	4.98534	7	81.6649	242.45	0.0	0.0
253287	47.41	Highway.node[7].appl	BrakingNoGui		0.0	0.0	4.98534	7	81.6649	242.45	0.0	0.0
253833	47.51	Highway.node[7].appl	BrakingNoGui		0.0	0.0	4.98534	7	81.6649	242.45	0.0	0.0
254379	47.61	Highway.node[7].appl	BrakingNoGui		0.0	0.0	4.98534	7	81.6649	242.45	0.0	0.0
254925	47.71	Highway.node[7].appl	BrakingNoGui		0.0	0.0	4.98534	7	81.6649	242.45	0.0	0.0
255471	47.81	Highway.node[7].appl	BrakingNoGui		0.0	0.0	4.98534	7	81.6649	242.45	0.0	0.0
256017	47.91	Highway.node[7].appl	BrakingNoGui		0.0	0.0	4.98534	7	81.6649	242.45	0.0	0.0
256571	48.01	Highway.node[7].appl	BrakingNoGui		0.0	0.0	4.98534	7	81.6649	242.45	0.0	0.0
257117	48.11	Highway.node[7].appl	BrakingNoGui		0.0	0.0	4.98534	7	81.6649	242.45	0.0	0.0
257663	48.21	Highway.node[7].appl	BrakingNoGui		0.0	0.0	4.98534	7	81.6649	242.45	0.0	0.0
258209	48.31	Highway.node[7].appl	BrakingNoGui		0.0	0.0	4.98534	7	81.6649	242.45	0.0	0.0
258755	48.41	Highway.node[7].appl	BrakingNoGui		0.0	0.0	4.98534	7	81.6649	242.45	0.0	0.0
259301	48.51	Highway.node[7].appl	BrakingNoGui		0.0	0.0	4.98534	7	81.6649	242.45	0.0	0.0
259847	48.61	Highway.node[7].appl	BrakingNoGui		0.0	0.0	4.98534	7	81.6649	242.45	0.0	0.0
260393	48.71	Highway.node[7].appl	BrakingNoGui		0.0	0.0	4.98534	7	81.6649	242.45	0.0	0.0
260939	48.81	Highway.node[7].appl	BrakingNoGui		0.0	0.0	4.98534	7	81.6649	242.45	0.0	0.0
261485	48.91	Highway.node[7].appl	BrakingNoGui		0.0	0.0	4.98534	7	81.6649	242.45	0.0	0.0
262039	49.01	Highway.node[7].appl	BrakingNoGui		0.0	0.0	4.98534	7	81.6649	242.45	0.0	0.0
262585	49.11	Highway.node[7].appl	BrakingNoGui		0.0	0.0	4.98534	7	81.6649	242.45	0.0	0.0
263131	49.21	Highway.node[7].appl	BrakingNoGui		0.0	0.0	4.98534	7	81.6649	242.45	0.0	0.0
263677	49.31	Highway.node[7].appl	BrakingNoGui		0.0	0.0	4.98534	7	81.6649	242.45	0.0	0.0
264223	49.41	Highway.node[7].appl	BrakingNoGui		0.0	0.0	4.98534	7	81.6649	242.45	0.0	0.0
264769	49.51	Highway.node[7].appl	BrakingNoGui		0.0	0.0	4.98534	7	81.6649	242.45	0.0	0.0
265315	49.61	Highway.node[7].appl	BrakingNoGui		0.0	0.0	4.98534	7	81.6649	242.45	0.0	0.0
265861	49.71	Highway.node[7].appl	BrakingNoGui		0.0	0.0	4.98534	7	81.6649	242.45	0.0	0.0
266407	49.81	Highway.node[7].appl	BrakingNoGui		0.0	0.0	4.98534	7	81.6649	242.45	0.0	0.0
266953	49.91	Highway.node[7].appl	BrakingNoGui		0.0	0.0	4.98534	7	81.6649	242.45	0.0	0.0
267507	50.01	Highway.node[7].appl	BrakingNoGui		0.0	0.0	4.98534	7	81.6649	242.45	0.0	0.0
268053	50.11	Highway.node[7].appl	BrakingNoGui		0.0	0.0	4.98534	7	81.6649	242.45	0.0	0.0
268599	50.21	Highway.node[7].appl	BrakingNoGui		0.0	0.0	4.98534	7	81.6649	242.45	0.0	0.0
269145	50.31	Highway.node[7].appl	BrakingNoGui		0.0	0.0	4.98534	7	81.6649	242.45	0.0	0.0
269691	50.41	Highway.node[7].appl	BrakingNoGui		0.0	0.0	4.98534	7	81.6649	242.45	0.0	0.0
270237	50.51	Highway.node[7].appl	BrakingNoGui		0.0	0.0	4.98534	7	81.6649	242.45	0.0	0.0
270783	50.61	Highway.node[7].appl	BrakingNoGui		0.0	0.0	4.98534	7	81.6649	242.45	0.0	0.0
271329	50.71	Highway.node[7].appl	BrakingNoGui		0.0	0.0	4.98534	7	81.6649	242.45	0.0	0.0
271875	50.81	Highway.node[7].appl	BrakingNoGui		0.0	0.0	4.98534	7	81.6649	242.45	0.0	0.0
272421	50.91	Highway.node[7].appl	BrakingNoGui		0.0	0.0	4.98534	7	81.6649	242.45	0.0	0.0
272975	51.01	Highway.node[7].appl	BrakingNoGui		0.0	0.0	4.98534	7	81.6649	242.45	0.0	0.0
273521	51.11	Highway.node[7].appl	BrakingNoGui		0.0	0.0	4.98534	7	81.6649	242.45	0.0	0.0
274067	51.21	Highway.node[7].appl	BrakingNoGui		0.0	0.0	4.98534	7	81.6649	242.45	0.0	0.0
274613	51.31	Highway.node[7].appl	BrakingNoGui		0.0	0.0	4.98534	7	81.6649	242.45	0.0	0.0
275159	51.41	Highway.node[7].appl	BrakingNoGui		0.0	0.0	4.98534	7	81.6649	242.45	0.0	0.0
275705	51.51	Highway.node[7].appl	BrakingNoGui		0.0	0.0	4.98534	7	81.6649	242.45	0.0	0.0
276251	51.61	Highway.node[7].appl	BrakingNoGui		0.0	0.0	4.98534	7	81.6649	242.45	0.0	0.0
276797	51.71	Highway.node[7].appl	BrakingNoGui		0.0	0.0	4.98534	7	81.6649	242.45	0.0	0.0
277343	51.81	Highway.node[7].appl	BrakingNoGui		0.0	0.0	4.98534	7	81.6649	242.45	0.0	0.0
277889	51.91	Highway.node[7].appl	BrakingNoGui		0.0	0.0	4.98534	7	81.6649	242.45	0.0	0.0
278443	52.01	Highway.node[7].appl	BrakingNoGui		0.0	0.0	4.98534	7	81.6649	242.45	0.0	0.0
278989	52.11	Highway.node[7].appl	BrakingNoGui		0.0	0.0	4.98534	7	81.6649	242.45	0.0	0.0
279535	52.21	Highway.node[7].appl	BrakingNoGui		0.0	0.0	4.98534	7	81.6649	242.45	0.0	0.0
280081	52.31	Highway.node[7].appl	BrakingNoGui		0.0	0.0	4.98534	7	81.6649	242.45	0.0	0.0
280627	52.41	Highway.node[7].appl	BrakingNoGui		0.0	0.0	4.98534	7	81.6649	242.45	0.0	0.0
281173	52.51	Highway.node[7].appl	BrakingNoGui		0.0	0.0	4.98534	7	81.6649	242.45	0.0	0.0
281719	52.61	Highway.node[7].appl	BrakingNoGui		0.0	0.0	4.98534	7	81.6649	242.45	0.0	0.0
282265	52.71	Highway.node[7].appl	BrakingNoGui		0.0	0.0	4.98534	7	81.6649	242.45	0.0	0.0
282811	52.81	Highway.node[7].appl	BrakingNoGui		0.0	0.0	4.98534	7	81.6649	242.45	0.0	0.0
283357	52.91	Highway.node[7].appl	BrakingNoGui		0.0	0.0	4.98534	7	81.6649	242.45	0.0	0.0
283911	53.01	Highway.node[7].appl	BrakingNoGui		0.0	0.0	4.98534	7	81.6649	242.45	0.0	0.0
284457	53.11	Highway.node[7].appl	BrakingNoGui		0.0	0.0	4.98534	7	81.6649	242.45	0.0	0.0
285003	53.21	Highway.node[7].appl	BrakingNoGui		0.0	0.0	4.98534	7	81.6649	242.45	0.0	0.0
285549	53.31	Highway.node[7].appl	BrakingNoGui		0.0	0.0	4.98534	7	81.6649	242.45	0.0	0.0
286095	53.41	Highway.node[7].appl	BrakingNoGui		0.0	0.0	4.98534	7	81.6649	242.45	0.0	0.0
286641	53.51	Highway.node[7].appl	BrakingNoGui		0.0	0.0	4.98534	7	81.6649	242.45	0.0	0.0
287187	53.61	Highway.node[7].appl	BrakingNoGui		0.0	0.0	4.98534	7	81.6649	242.45	0.0	0.0
287733	53.71	Highway.node[7].appl	BrakingNoGui		0.0	0.0	4.98534	7	81.6649	242.45	0.0	0.0
288279	53.81	Highway.node[7].appl	BrakingNoGui		0.0	0.0	4.98534	7	81.6649	242.45	0.0	0.0
288825	53.91	Highway.node[7].appl	BrakingNoGui		0.0	0.0	4.98534	7	81.6649	242.45	0.0	0.0
289379	54.01	Highway.node[7].appl	BrakingNoGui		0.0	0.0	4.98534	7	81.6649	242.45	0.0	0.0
289925	54.11	Highway.node[7].appl	BrakingNoGui		0.0	0.0	4.98534	7	81.6649	242.45	0.0	0.0
290471	54.21	Highway.node[7].appl	BrakingNoGui		0.0	0.0	4.98534	7	81.6649	242.45	0.0	0.0
291017	54.31	Highway.node[7].appl	BrakingNoGui		0.0	0.0	4.98534	7	81.6649	242.45	0.0	0.0
291563	54.41	Highway.node[7].appl	BrakingNoGui		0.0	0.0	4.98534	7	81.6649	242.45	0.0	0.0
292109	54.51	Highway.node[7].appl	BrakingNoGui		0.0	0.0	4.98534	7	81.6649	242.45	0.0	0.0
292655	54.61	Highway.node[7].appl	BrakingNoGui		0.0	0.0	4.98534	7	81.6649	242.45	0.0	0.0
293201	54.71	Highway.node[7].appl	BrakingNoGui		0.0	0.0	4.98534	7	81.6649	242.45	0.0	0.0
293747	54.81	Highway.node[7].appl	BrakingNoGui		0.0	0.0	4.98534	7	81.6649	242.45	0.0	0.0
294293	54.91	Highway.node[7].appl	BrakingNoGui		0.0	0.0	4.98534	7	81.6649	242.45	0.0	0.0
294847	55.01	Highway.node[7].appl	BrakingNoGui		0.0	0.0	4.98534	7	81.6649	242.45	0.0	0.0
295393	55.11	Highway.node[7].appl	BrakingNoGui		0.0	0.0	4.98534	7	81.6649	242.45	0.0	0.0
295939	55.21	Highway.node[7].appl	BrakingNoGui		0.0	0.0	4.98534	7	81.6649	242.45	0.0	0.0
296485	55.31	Highway.node[7].appl	BrakingNoGui		0.0	0.0	4.98534	7	81.6649	242.45	0.0	0.0
297031	55.41	Highway.node[7].appl	BrakingNoGui		0.0	0.0	4.98534	7	81.6649	242.45	0.0	0.0
297577	55.51	Highway.node[7].appl	BrakingNoGui		0.0	0.0	4.98534	7	81.6649	242.45	0.0	0.0
298123	55.61	Highway.node[7].appl	BrakingNoGui		0.0	0.0	4.98534	7	81.6649	242.45	0.0	0.0
298669	55.71	Highway.node[7].appl	BrakingNoGui		0.0	0.0	4.98534	7	81.6649	242.45	0.0	0.0
299215	55.81	Highway.node[7].appl	BrakingNoGui		0.0	0.0	4.98534	7	81.6649	242.45	0.0	0.0
299761	55.91	Highway.node[7].appl	BrakingNoGui		0.0	0.0	4.98534	7	81.6649	242.45	0.0	0.0
300315	56.01	Highway.node[7].appl	BrakingNoGui		0.0	0.0	4.98534	7	81.6649	242.45	0.0	0.0
300861	56.11	Highway.node[7].appl	BrakingNoGui		0.0	0.0	4.98534	7	81.6649	242.45	0.0	0.0
301407	56.21	Highway.node[7].appl	BrakingNoGui		0.0	0.0	4.98534	7	81.6649	242.45	0.0	0.0
301953	56.31	Highway.node[7].appl	BrakingNoGui		0.0	0.0	4.98534	7	81.6649	242.45	0.0	0.0
302499	56.41	Highway.node[7].appl	BrakingNoGui		0.0	0.0	4.98534	7	81.6649	242.45	0.0	0.0
303045	56.51	Highway.node[7].appl	BrakingNoGui		0.0	0.0	4.98534	7	81.6649	242.45	0.0	0.0
303591	56.61	Highway.node[7].appl	BrakingNoGui		0.0	0.0	4.98534	7	81.6649	242.45	0.0	0.0
304137	56.71	Highway.node[7].appl	BrakingNoGui		0.0	0.0	4.98534	7	81.6649	242.45	0.0	0.0
304683	56.81	Highway.node[7].appl	BrakingNoGui		0.0	0.0	4.98534	7	81.6649	242.45	0.0	0.0
305229	56.91	Highway.node[7].appl	BrakingNoGui		0.0	0.0	4.98534	7	81.6649	242.45	0.0	0.0
305783	57.01	Highway.node[7].appl	BrakingNoGui		0.0	0.0	4.98534	7	81.6649	242.45	0.0	0.0
306329	57.11	Highway.node[7].appl	BrakingNoGui		0.0	0.0	4.98534	7	81.6649	242.45	0.0	0.0
306875	57.21	Highway.node[7].appl	BrakingNoGui		0.0	0.0	4.98534	7	81.6649	242.45	0.0	0.0
307421	57.31	Highway.node[7].appl	BrakingNoGui		0.0	0.0	4.98534	7	81.6649	242.45	0.0	0.0
307967	57.41	Highway.node[7].appl	BrakingNoGui		0.0	0.0	4.98534	7	81.6649	242.45	0.0	0.0
308513	57.51	Highway.node[7].appl	BrakingNoGui		0.0	0.0	4.98534	7	81.6649	242.45	0.0	0.0
309059	57.61	Highway.node[7].appl	BrakingNoGui		0.0	0.0	4.98534	7	81.6649	242.45	0.0	0.0
309605	57.71	Highway.node[7].appl	BrakingNoGui		0.0	0.0	4.98534	7	81.6649	242.45	0.0	0.0
310151	57.81	Highway.node[7].appl	BrakingNoGui		0.0	0.0	4.98534	7	81.6649	242.45	0.0	0.0
310697	57.91	Highway.node[7].appl	BrakingNoGui		0.0	0.0	4.98534	7	81.6649	242.45	0.0	0.0
311251	58.01	Highway.node[7].appl	BrakingNoGui		0.0	0.0	4.98534	7	81.6649	242.45	0.0	0.0
311797	58.11	Highway.node[7].appl	BrakingNoGui		0.0	0.0	4.98534	7	81.6649	242.45	0.0	0.0
312343	58.21	Highway.node[7].appl	BrakingNoGui		0.0	0.0	4.98534	7	81.6649	242.45	0.0	0.0
312889	58.31	Highway.node[7].appl	BrakingNoGui		0.0	0.0	4.98534	7	81.6649	242.45	0.0	0.0
313435	58.41	Highway.node[7].appl	BrakingNoGui		0.0	0.0	4.98534	7	81.6649	242.45	0.0	0.0
313981	58.51	Highway.node[7].appl	BrakingNoGui		0.0	0.0	4.98534	7	81.6649	242.45	0.0	0.0
314527	58.61	Highway.node[7].appl	BrakingNoGui		0.0	0.0	4.98534	7	81.6649	242.45	0.0	0.0
315073	58.71	Highway.node[7].appl	BrakingNoGui		0.0	0.0	4.98534	7	81.6649	242.45	0.0	0.0
315619	58.81	Highway.node[7].appl	BrakingNoGui		0.0	0.0	4.98534	7	81.6649	242.45	0.0	0.0
316165	58.91	Highway.node[7].appl	BrakingNoGui		0.0	0.0	4.98534	7	81.6649	242.45	0.0	0.0
316719	59.01	Highway.node[7].appl	BrakingNoGui		0.0	0.0	4.98534	7	81.6649	242.45	0.0	0.0
317265	59.11	Highway.node[7].appl	BrakingNoGui		0.0	0.0	4.98534	7	81.6649	242.45	0.0	0.0
317811	59.21	Highway.node[7].appl	BrakingNoGui		0.0	0.0	4.98534	7	81.6649	242.45	0.0	0.0
318357	59.31	Highway.node[7].appl	BrakingNoGui		0.0	0.0	4.98534	7	81.6649	242.45	0.0	0.0
318903	59.41	Highway.node[7].appl	BrakingNoGui		0.0	0.0	4.98534	7	81.6649	242.45	0.0	0.0
319449	59.51	Highway.node[7].appl	BrakingNoGui		0.0	0.0	4.98534	7	81.6649	242.45	0.0	0.0
319995	59.61	Highway.node[7].appl	BrakingNoGui		0.0	0.0	4.98534	7	81.6649	242.45	0.0	0.0
320541	59.71	Highway.node[7].appl	BrakingNoGui		0.0	0.0	4.98534	7	81.6649	242.45	0.0	0.0
321087	59.81	Highway.node[7].appl	BrakingNoGui		0.0	0.0	4.98534	7	81.6649	242.45	0.0	0.0
321633	59.91	Highway.node[7].appl	BrakingNoGui		0.0	0.0	4.98534	7	81.6649	242.45	0.0	0.0
